Sample	File	Donor	Condition
Control_Day0_1	37_MSC_8A_siCON_D0_S1_Merged	8A	Day0_Control
Control_Day3_1	38_MSC_8A_siCON_D3_S2_Merged	8A	Day3_Control
Control_Day7_1	39_MSC_8A_siCON_D7_S3_Merged	8A	Day7_Control
KD_Day0_1	43_MSC_8A_siACT_D0_S7_Merged	8A	Day0_KD
KD_Day3_1	44_MSC_8A_siACT_D3_S8_Merged	8A	Day3_KD
KD_Day7_1	45_MSC_8A_siACT_D7_S9_Merged	8A	Day7_KD
Control_Day0_2	49_MSC_2454E_siCON_D0_S13_Merged	2454E	Day0_Control
Control_Day3_2	50_MSC_2454E_siCON_D3_S14_Merged	2454E	Day3_Control
Control_Day7_2	51_MSC_2454E_siCON_D7_S15_Merged	2454E	Day7_Control
KD_Day0_2	55_MSC_2454E_siACT_D0_S19_Merged	2454E	Day0_KD
KD_Day3_2	56_MSC_2454E_siACT_D3_S20_Merged	2454E	Day3_KD
KD_Day7_2	57_MSC_2454E_siACT_D7_S21_Merged	2454E	Day7_KD
Control_Day0_3	61_MSC_2802F_siCON_D0_S25_Merged	2802F	Day0_Control
Control_Day3_3	62_MSC_2802F_siCON_D3_S26_Merged	2802F	Day3_Control
Control_Day7_3	63_MSC_2802F_siCON_D7_S27_Merged	2802F	Day7_Control
KD_Day0_3	67_MSC_2802F_siACT_D0_S31_Merged	2802F	Day0_KD
KD_Day3_3	68_MSC_2802F_siACT_D3_S32_Merged	2802F	Day3_KD
KD_Day7_3	69_MSC_2802F_siACT_D7_S33_Merged	2802F	Day7_KD
